1,Abhinav Mukund
2,Albie Morkel
3,Anirudha Srikkanth
4,Chamara Kapugedera
5,Jacob Oram
6,Joginder Sharma
7,KB Arun Karthik
8,Lakshmipathy Balaji
9,Mahendra Singh Dhoni
10,Makhaya Ntini
11,Manpreet Gony
12,Matthew Hayden
13,Mike Hussey
14,Muttiah Muralitharan
15,Napoleon Einstein
16,Palani Amarnath
17,Parthiv Patel
18,Ravichandran Ashwin
19,Selvam Suresh Kumar
20,Shadab Jakati
21,Stephen Fleming
22,Subramaniam Badrinath
23,Sudeep Tyagi
24,Suresh Raina
25,Vidyut Sivaramakrishnan
26,Viraj Kadbe
27,Adam Gilchrist
28,Andrew Symonds
29,Arjun Yadav
30,Chamara Silva
31,Chaminda Vaas
32,Doddapaneni Kalyankrishna
33,Dwaraka Ravi Teja
34,Halhadar Das
35,Herschelle Gibbs
36,Mohnish Mishra
37,Nuwan Zoysa
38,Paidikalva Vijaykumar
39,PM Sarvesh Kumar
40,Pragyan Ojha
41,R. P. Singh
42,Rohit Sharma
43,Sanjay Bangar
44,Shahid Afridi
45,Scott Styris
46,V.V.S. Laxman
47,Yalaka Venugopal Rao
48,AB de Villiers
49,Amit Mishra
50,Brett Geeves
51,Daniel Vettori
52,Dinesh Karthik
53,Farveez Maharoof
54,Gautam Gambhir
55,Glenn McGrath
56,Manoj Tiwary
57,Mayank Tehlan
58,Mithun Manhas
59,Mohammad Asif
60,Pradeep Sangwan
61,Rajat Bhatia
62,Shikhar Dhawan
63,Shoaib Malik
64,Sumit Narwal
65,Tejashwi Yadav
66,Tillakaratne Dilshan
67,Virender Sehwag
68,Yogesh Nagar
69,Yo Mahesh
70,Aakash Chopra
71,Ajantha Mendis
72,Ajit Agarkar
73,Ashok Dinda
74,Brad Hodge
75,Brendon McCullum
76,Cheteshwar Pujara
77,Chris Gayle
78,David Hussey
79,Debabrata Das
80,Iqbal Abdulla
81,Ishant Sharma
82,Laxmi Ratan Shukla
83,Mashrafe Mortaza
84,Mohammad Hafeez
85,Murali Kartik
86,Ranadeb Bose
87,Ricky Ponting
88,Rohan Banerjee
89,Salman Butt
90,Saurasish Lahiri
91,Shoaib Akhtar
92,Siddarth Kaul
93,Sourav Ganguly
94,Tatenda Taibu
95,Umar Gul
96,Wriddhiman Saha
97,Yashpal Singh
98,Ajitesh Argal
99,Azhar Mehmood
100,Brett Lee
101,Fidel Edwards
102,Gagandeep Singh
103,Irfan Pathan
104,James Hopes
105,Karan Goel
106,Kumar Sangakkara
107,Kyle Mills
108,Luke Pomersbach
109,Mahela Jayawardene
110,Nitin Saini
111,Pankaj Dharmani
112,Piyush Chawla
113,Ramesh Powar
114,Ramnaresh Sarwan
115,Rishi Dhawan
116,Sahil Kukreja
117,Shaun Marsh
118,Simon Katich
119,Sreesanth
120,Sunny Sohal
121,Tanmay Srivastava
122,Uday Kaul
123,V. R. V. Singh
124,Wilkin Mota
125,Yuvraj Singh
126,Abhishek Nayar
127,Ajinkya Rahane
128,André Nel
129,Ankeet Chavan
130,Ashwell Prince
131,Ashish Nehra
132,Dhawal Kulkarni
133,Dilhara Fernando
134,Dominic Thornley
135,Dwayne Bravo
136,Dwayne Smith
137,Gaurav Dhiman
138,Harbhajan Singh
139,Lasith Malinga
140,Loots Bosman
141,Luke Ronchi
142,Manish Pandey
143,Mohammad Ashraful
144,Musavir Khote
145,Pinal Shah
146,Rajesh Pawar
147,Robin Uthappa
148,Rohan Raje
149,Sachin Tendulkar
150,Sanath Jayasuriya
151,Saurabh Tiwary
152,Shaun Pollock
153,Siddharth Chitnis
154,Swapnil Singh
155,Vikrant Yeligati
156,Yogesh Takawale
157,Abdur Razzak
158,Anil Kumble
159,Ashley Noffke
160,Balachandra Akhil
161,Bharat Chipli
162,Cameron White
163,Dale Steyn
164,Devraj Patil
165,Jacques Kallis
166,Jagadeesh Arunkumar
167,KP Appanna
168,Mark Boucher
169,Misbah-ul-Haq
170,Nathan Bracken
171,Neravanda Aiyappa
172,Praveen Kumar
173,Rahul Dravid
174,Ross Taylor
175,Shivnarine Chanderpaul
176,Shreevats Goswami
177,Sunil Joshi
178,Vinay Kumar
179,Virat Kohli
180,Wasim Jaffer
181,Zaheer Khan
182,Abhishek Raut
183,Aditya Angle
184,Anup Revandkar
185,Darren Lehmann
186,Dimitri Mascarenhas
187,Dinesh Salunkhe
188,Faiz Fazal
189,Graeme Smith
190,Jaydev Shah
191,Justin Langer
192,Kamran Akmal
193,Mahesh Rawat
194,Mohammad Kaif
195,Morne Morkel
196,Munaf Patel
197,Niraj Patel
198,Pankaj Singh
199,Parag More
200,Ravindra Jadeja
201,Shane Warne
202,Shane Watson
203,Siddharth Trivedi
204,Sohail Tanvir
205,Sumit Khatri
206,Swapnil Asnodkar
207,Taruwar Kohli
208,Younis Khan
209,Yusuf Pathan
210,Andrew Flintoff
211,George Bailey
212,Murali Vijay
213,Thilan Thushara
214,Abhinav Kumar
215,Azhar Bilakhia
216,Harmeet Singh
217,Jaskaran Singh
218,Kemar Roach
219,Manvinder Bisla
220,Mitchell Marsh
221,Rahul Sharma
222,Ryan Harris
223,Shoaib Ahmed
224,Tirumalasetti Suman
225,Aavishkar Salvi
226,Andrew McDonald
227,David Warner
228,Dirk Nannes
229,Owais Shah
230,Paul Collingwood
231,Umesh Yadav
232,Wayne Parnell
233,Angelo Mathews
234,Anureet Singh
235,Arindam Ghosh
236,Charl Langeveldt
237,Moises Henriques
238,Morné van Wyk
239,Sachin Rana
240,Shoaib Shaikh
241,Amanpreet Singh
242,Burt Cockley
243,Jerome Taylor
244,Ravi Bopara
245,Ravikant Shukla
246,Rusty Theron
247,Ryan Ninan
248,Vikramjeet Malik
249,Yusuf Abdulla
250,Abu Nechim Ahmed
251,Chentanya Nanda
252,Graham Napier
253,JP Duminy
254,Rahil Shaikh
255,Ryan McLaren
256,Abhimanyu Mithun
257,Bhuvneshwar Kumar
258,CM Gautam
259,Dillon du Preez
260,Eoin Morgan
261,Ishank Jaggi
262,Jesse Ryder
263,Jitendra Patil
264,Karn Sharma
265,Kedar Jadhav
266,Kevin Pietersen
267,Rajesh Bishnoi
268,Raju Bhatkal
269,Rangaraj Suthesh
270,RK Sabharwal
271,Roelof van der Merwe
272,Saurabh Bandekar
273,Sreenath Aravind
274,Tinu Yohannan
275,Udit Patel
276,Abdulahad Malek
277,Aditya Dole
278,Amit Singh
279,Ashraf Makda
280,Atul Sharma
281,Gajendra Singh
282,Johan Botha
283,Kamran Khan
284,Lee Carseldine
285,Mohammed Arif
286,Naman Ojha
287,Paras Dogra
288,Paul Valthaty
289,Pushkaraj Chavan
290,Raiphi Gomez
291,Rob Quiney
292,Shaun Tait
293,Shrideep Mangela
294,Tyron Henderson
295,Chandrasekar Ganapathy
296,Doug Bollinger
297,Hemang Badani
298,Justin Kemp
299,Thisara Perera
300,Anirudh Singh
301,Ashish Reddy
302,Bodapati Sumanth
303,Joginder Singh
304,Sarabjit Ladda
305,Sarandeep Singh
306,Shashi Ranjan
307,Chirag Pathak
308,Eklak Ahmid
309,Ganapathi Vignesh
310,Harshad Khadiwale
311,Jaydev Unadkat
312,Mandeep Singh
313,Rohan Gavaskar
314,Shane Bond
315,Varun Aaron
316,Adrian Barath
317,Bipul Sharma
318,Love Ablish
319,Reetinder Singh Sodhi
320,Shalabh Srivastava
321,Aditya Tare
322,Ali Murtaza
323,Ambati Rayudu
324,Chandan Madan
325,Ishan Malhotra
326,Kieron Pollard
327,Rahul Shukla
328,Rajagopal Sathish
329,Stuart Binny
330,Syed Shahabuddin
331,Sridharan Sriram
332,Steve Smith
333,Aaron Finch
334,Abhishek Jhunjhunwala
335,Adam Voges
336,Amit Paunikar
337,Amit Uniyal
338,Damien Martyn
339,Michael Lumb
340,Shrikant Wagh
341,Syed Quadri
342,Ben Hilfenhaus
343,Francois du Plessis
344,Kuthethurshri Vasudevadas
345,Nuwan Kulasekara
346,Suraj Randiv
347,Tim Southee
348,Akash Bhandari
349,Anand Rajan
350,Ankit Sharma
351,Chris Lynn
352,Daniel Christian
353,Kedar Devdhar
354,Ajit Chandila
355,Colin Ingram
356,Matthew Wade
357,Prashant Naik
358,Robbie Frylinck
359,Robin Bist
360,Shahbaz Nadeem
361,Travis Birt
362,Unmukt Chand
363,Vikas Mishra
364,Vivek Yadav
365,Brad Haddin
366,James Pattinson
367,Mohammed Shami
368,Ryan ten Doeschate
369,Shakib Al Hasan
370,Deepak Chougule
371,Gnaneswara Rao
372,John Hastings
373,Michael Klinger
374,Padmanabhan Prasanth
375,Prasanth Parameswaran
376,Steve O'Keefe
377,Sushant Marathe
378,Amit Yadav
379,Bhargav Bhatt
380,David Miller
381,Manan Vohra
382,Nathan Rimmington
383,Stuart Broad
384,Sunny Singh
385,Aiden Blizzard
386,Clint McKay
387,Davy Jacobs
388,James Franklin
389,Pawan Suyal
390,Santosh Yadav
391,Sarul Kanwar
392,Suryakumar Yadav
393,Yuzvendra Chahal
394,Alfonso Thomas
395,Callum Ferguson
396,Dheeraj Jadhav
397,Eklavya Dwivedi
398,Ganesh Gaikwad
399,Harpreet Singh
400,Imtiaz Ahmed
401,James Faulkner
402,Nathan McCullum
403,Nayan Doshi
404,Shrikant Mundhe
405,Tim Paine
406,Abrar Kazi
407,Asad Pathan
408,BN Bharath
409,Johan van der Wath
410,Jonathan Vandiar
411,Mayank Agarwal
412,Nuwan Pradeep
413,Rilee Rossouw
414,Syed Mohammed
415,Ashok Menaria
416,Deepak Chahar
417,Dishant Yagnik
418,Samad Fallah
419,Akshath Reddy
420,Biplab Samantray
421,Daniel Harris
422,Darren Bravo
423,Sneha Kishore
424,Tanmay Mishra
425,Tekkami Atchuta Rao
426,TP Sudhindra
427,Veer Pratap Singh
428,Andre Russell
429,Doug Bracewell
430,Glenn Maxwell
431,Gulam Bodi
432,Kuldeep Raval
433,Manpreet Juneja
434,Pawan Negi
435,Puneet Bisht
436,Sunny Gupta
437,Zafir Patel
438,Chirag Jani
439,Iresh Saxena
440,Marchant de Lange
441,Sanju Samson
442,Sunil Narine
443,Ben Cutting
444,Gurkeerat Singh
445,Kyle Abbott
446,Parvinder Awana
447,Amitoze Singh
448,Apoorv Wankhade
449,Kuldeep Yadav
450,Mitchell Johnson
451,Richard Levi
452,Robin Peterson
453,Sujit Nayak
454,Anustup Majumdar
455,Krishnakant Upadhyay
456,Luke Wright
457,Marlon Samuels
458,Michael Clarke
459,Tamim Iqbal
460,Harshal Patel
461,Karun Nair
462,S. Thiagarajan
463,Vijay Zol
464,Brad Hogg
465,Dinesh Chandimal
466,Kevon Cooper
467,Samuel Badree
468,Akila Dananjaya
469,Ankit Rajpoot
470,Baba Aparajith
471,Ben Laughlin
472,Chris Morris
473,Jason Holder
474,Mohit Sharma
475,R. Karthikeyan
476,Ronit More
477,Vijay Shankar
478,Arisht Singhvi
479,Ben Rohrer
480,Jeevan Mendis
481,Royston Dias
482,Sachithra Senanayake
483,Aniket Choudhary
484,Michael Neser
485,Sandeep Sharma
486,Axar Patel
487,Jalaj Saxena
488,Jasprit Bumrah
489,Javed Khan
490,Nathan Coulter-Nile
491,Phillip Hughes
492,Ishwar Pandey
493,Kane Richardson
494,Parvez Rasool
495,Udit Birla
496,Chris Barnwell
497,KL Rahul
498,Ravi Rampaul
499,Sandeep Warrier
500,Sheldon Jackson
501,Kumar Boresa
502,Kusal Perera
503,Pravin Tambe
504,Sachin Baby
505,Darren Sammy
506,Hanuma Vihari
507,Quinton de Kock
508,Thalaivan Sargunam
509,Matt Henry
510,HS Sharath
511,Imran Tahir
512,Jimmy Neesham
513,Jayant Yadav
514,Milind Kumar
515,Pat Cummins
516,Sayan Mondal
517,Beuran Hendricks
518,Karanveer Singh
519,Shardul Thakur
520,Shivam Sharma
521,Ben Dunk
522,Corey Anderson
523,Josh Hazlewood
524,Krishmar Santokie
525,Lendl Simmons
526,Shreyas Gopal
527,Mitchell Starc
528,Nic Maddinson
529,Amit Mishra
530,Ankush Bains
531,Deepak Hooda
532,Rahul Tewatia
533,Brendan Taylor
534,Chama Milind
535,Ricky Bhui
536,Andrew Tye
537,Pratyush Singh
538,Domnic Muthuswami
539,Gurinder Sandhu
540,KK Jiyas
541,Marcus Stoinis
542,Shreyas Iyer
543,Srikar Bharat
544,Travis Head
545,Aditya Garhwal
546,KC Cariappa
547,Vaibhav Rawal
548,Nikhil Naik
549,Yogesh Golwalkar
550,Akshay Wakhare
551,Alex Hales
552,Colin Munro
553,Hardik Pandya
554,Jagadeesha Suchith
555,Mitchell McClenaghan
556,Nitish Rana
557,Siddhesh Lad
558,Adam Milne
559,David Wiese
560,Sarfaraz Khan
561,Sean Abbott
562,Shishir Bhavane
563,Barinder Sran
564,Pardeep Sahu
565,Sagar Trivedi
566,Kane Williamson
567,Trent Boult
568,Akhil Herwadkar
569,Carlos Brathwaite
570,Khaleel Ahmed
571,Mahipal Lomror
572,Rishabh Pant
573,Sam Billings
574,Akshdeep Nath
575,Ishan Kishan
576,Shivil Kaushik
577,Umang Sharma
578,Manan Sharma
579,Armaan Jaffer
580,Farhaan Behardien
581,Hashim Amla
582,Deepak Punia
583,Jitesh Sharma
584,Jos Buttler
585,Kishore Kamath
586,Krunal Pandya
587,Martin Guptill
588,Nathu Singh
589,Akshay Karnewar
590,Chris Jordan
591,Joel Paris
592,Praveen Dubey
593,Tabraiz Shamsi
594,Vikas Tokas
595,Adam Zampa
596,Murugan Ashwin
597,Peter Handscomb
598,Scott Boland
599,Usman Khawaja
600,D'Arcy Short
601,Mustafizur Rahman
602,Ankit Bawne
603,Kagiso Rabada
604,Navdeep Saini
605,Shashank Singh
606,Ankit Soni
607,Basil Thampi
608,Chirag Suri
609,Jason Roy
610,Pratham Singh
611,Rinku Singh
612,Shelley Shaurya
613,Shubham Agarwal
614,Tejas Baroka
615,Chris Woakes
616,Colin de Grandhomme
617,Rovman Powell
618,Sanjay Yadav
619,Sayan Ghosh
620,T Natarajan
621,Asela Gunaratne
622,Krishnappa Gowtham
623,Kulwant Khejroliya
624,Nicholas Pooran
625,Avesh Khan
626,Billy Stanlake
627,Tymal Mills
628,Vishnu Vinod
629,Ben Stokes
630,Lockie Ferguson
631,Milind Tandon
632,Rahul Chahar
633,Rahul Tripathi
634,Saurabh Kumar
635,Washington Sundar
636,Mohammad Nabi
637,Mohammed Siraj
638,Rashid Khan
639,Ricky Bhui
640,Tanmay Agarwal
641,Dhruv Shorey
642,Kanishk Seth
643,Kshitiz Sharma
644,Nayaran Jagadeesan
645,KM Asif
646,Chaitanya Bishnoi
647,Monu Kumar
648,Lungi Ngidi
649,Mitchell Santner
650,Mark Wood
651,Prithvi Shaw
652,Manjot Kalra
653,Abhishek Sharma
654,Sandeep Lamichhane
655,Akshdeep Nath
656,Mayank Dagar
657,Manzoor Dar
658,Ben Dwarshuis
659,Mujeeb Ur Rahman
